id,borrower_name,loan_amnt,term,timestamp,flag,loan_grade,roi_reason,recommendation,roi_prediction,safe_loan_score,customer_segment,decision_reasons,roi_explanations,credit_risk_score,risk_explanations,shap_explanations,borrower_network_risk,predicted_interest_rate
15,Jane Doe,600000.0,60 months,2026-03-27 07:16:42.853571,Extreme debt-to-income or extreme loan multiple. Hard auto-reject recommended.,D,Negative return expected — risky investment,Reject,-25.99,0.13,3,['Moderate financial profile'],"[{'impact': -0.54, 'feature': 'dti'}, {'impact': 0.5, 'feature': 'int_rate'}, {'impact': -0.1667, 'feature': 'installment'}, {'impact': 0.14, 'feature': 'annual_inc'}, {'impact': 0.0, 'feature': 'loan_amnt'}]",86.64,"[{'impact': 1, 'feature': 'High Loan Amount'}, {'impact': 1, 'feature': 'Low Income'}, {'impact': 1, 'feature': 'Renting House'}]","[{'impact': -0.6131, 'feature': 'annual_inc'}, {'impact': 0.4667, 'feature': 'loan_amnt'}, {'impact': -0.4667, 'feature': 'interaction'}, {'impact': 0.1, 'feature': 'home_ownership'}, {'impact': 0.0825, 'feature': 'dti'}]",0.87,17.73
14,Jane Doe,6000.0,36 months,2026-03-27 07:15:44.864422,,D,Positive return expected — good investment,Approve,5.08,0.82,0,"['Manageable loan amount', 'Secure housing']","[{'impact': 0.5, 'feature': 'int_rate'}, {'impact': 0.04, 'feature': 'annual_inc'}, {'impact': -0.02, 'feature': 'loan_amnt'}, {'impact': -0.01, 'feature': 'dti'}, {'impact': -0.0017, 'feature': 'installment'}]",18.4,"[{'impact': 1, 'feature': 'Low Income'}, {'impact': -1, 'feature': 'Low Loan Amount'}]","[{'impact': -0.2473, 'feature': 'annual_inc'}, {'impact': -0.0933, 'feature': 'interaction'}, {'impact': -0.0233, 'feature': 'loan_amnt'}, {'impact': -0.0175, 'feature': 'dti'}, {'impact': 0.0, 'feature': 'home_ownership'}]",0.18,6.13
13,Test User,10000.0,36 months,2026-03-27 07:09:32.025642,,C,Positive return expected — good investment,Approve,8.23,0.85,0,"['Stable income', 'Manageable loan amount']","[{'impact': 0.5, 'feature': 'int_rate'}, {'impact': -0.02, 'feature': 'dti'}, {'impact': 0.01, 'feature': 'annual_inc'}, {'impact': -0.01, 'feature': 'loan_amnt'}, {'impact': -0.0028, 'feature': 'installment'}]",15.42,"[{'impact': 1, 'feature': 'Renting House'}, {'impact': -1, 'feature': 'Low Loan Amount'}]","[{'impact': 0.1, 'feature': 'home_ownership'}, {'impact': -0.0167, 'feature': 'loan_amnt'}, {'impact': 0.0, 'feature': 'annual_inc'}, {'impact': 0.0, 'feature': 'dti'}, {'impact': 0.0, 'feature': 'interaction'}]",0.15,5.62
12,Test User,10000.0,36 months,2026-03-27 07:09:32.010495,,C,Positive return expected — good investment,Approve,8.23,0.85,0,"['Stable income', 'Manageable loan amount']","[{'impact': 0.5, 'feature': 'int_rate'}, {'impact': -0.02, 'feature': 'dti'}, {'impact': 0.01, 'feature': 'annual_inc'}, {'impact': -0.01, 'feature': 'loan_amnt'}, {'impact': -0.0028, 'feature': 'installment'}]",15.42,"[{'impact': 1, 'feature': 'Renting House'}, {'impact': -1, 'feature': 'Low Loan Amount'}]","[{'impact': 0.1, 'feature': 'home_ownership'}, {'impact': -0.0167, 'feature': 'loan_amnt'}, {'impact': 0.0, 'feature': 'annual_inc'}, {'impact': 0.0, 'feature': 'dti'}, {'impact': 0.0, 'feature': 'interaction'}]",0.15,5.62
11,Test User,10000.0,36 months,2026-03-27 07:08:39.700784,,C,Positive return expected — good investment,Approve,8.23,0.85,0,"['Stable income', 'Manageable loan amount']","[{'impact': 0.5, 'feature': 'int_rate'}, {'impact': -0.02, 'feature': 'dti'}, {'impact': 0.01, 'feature': 'annual_inc'}, {'impact': -0.01, 'feature': 'loan_amnt'}, {'impact': -0.0028, 'feature': 'installment'}]",15.42,"[{'impact': 1, 'feature': 'Renting House'}, {'impact': -1, 'feature': 'Low Loan Amount'}]","[{'impact': 0.1, 'feature': 'home_ownership'}, {'impact': -0.0167, 'feature': 'loan_amnt'}, {'impact': 0.0, 'feature': 'annual_inc'}, {'impact': 0.0, 'feature': 'dti'}, {'impact': 0.0, 'feature': 'interaction'}]",0.15,5.62
10,Test User,10000.0,36 months,2026-03-27 07:08:39.689731,,C,Positive return expected — good investment,Approve,8.23,0.85,0,"['Stable income', 'Manageable loan amount']","[{'impact': 0.5, 'feature': 'int_rate'}, {'impact': -0.02, 'feature': 'dti'}, {'impact': 0.01, 'feature': 'annual_inc'}, {'impact': -0.01, 'feature': 'loan_amnt'}, {'impact': -0.0028, 'feature': 'installment'}]",15.42,"[{'impact': 1, 'feature': 'Renting House'}, {'impact': -1, 'feature': 'Low Loan Amount'}]","[{'impact': 0.1, 'feature': 'home_ownership'}, {'impact': -0.0167, 'feature': 'loan_amnt'}, {'impact': 0.0, 'feature': 'annual_inc'}, {'impact': 0.0, 'feature': 'dti'}, {'impact': 0.0, 'feature': 'interaction'}]",0.15,5.62
9,Jane Doe,50000.0,36 months,2026-03-27 07:08:13.261160,,D,Negative return expected — risky investment,Reject,-5.81,0.48,2,"['Manageable loan amount', 'Secure housing']","[{'impact': 0.52, 'feature': 'annual_inc'}, {'impact': -0.5, 'feature': 'loan_amnt'}, {'impact': 0.5, 'feature': 'int_rate'}, {'impact': -0.13, 'feature': 'dti'}, {'impact': -0.0139, 'feature': 'installment'}]",52.08,"[{'impact': 1, 'feature': 'Low Income'}]","[{'impact': -0.205, 'feature': 'annual_inc'}, {'impact': 0.15, 'feature': 'interaction'}, {'impact': 0.05, 'feature': 'loan_amnt'}, {'impact': 0.045, 'feature': 'dti'}, {'impact': 0.0, 'feature': 'home_ownership'}]",0.52,11.85
8,Jane Doe,34234325.0,36 months,2026-03-27 07:07:44.237465,Extreme debt-to-income or extreme loan multiple. Hard auto-reject recommended.,A,Negative return expected — risky investment,Reject,-5.95,0.47,2,"['Stable income', 'Secure housing']","[{'impact': -9.5095, 'feature': 'installment'}, {'impact': 0.5, 'feature': 'int_rate'}, {'impact': -0.04, 'feature': 'dti'}, {'impact': 0.0, 'feature': 'annual_inc'}, {'impact': 0.0, 'feature': 'loan_amnt'}]",53.0,"[{'impact': 1, 'feature': 'High Loan Amount'}, {'impact': -1, 'feature': 'High Income'}]","[{'impact': 0.4667, 'feature': 'loan_amnt'}, {'impact': 0.0272, 'feature': 'annual_inc'}, {'impact': 0.0272, 'feature': 'interaction'}, {'impact': -0.0075, 'feature': 'dti'}, {'impact': 0.0, 'feature': 'home_ownership'}]",0.53,12.01
7,Risky ,45000.0,60 months,2026-03-27 07:02:54.355530,,C,Positive return expected — good investment,Manual Review,10.2,0.86,0,"['Stable income', 'Manageable loan amount', 'Secure housing']","[{'impact': 0.5, 'feature': 'int_rate'}, {'impact': 0.04, 'feature': 'annual_inc'}, {'impact': -0.03, 'feature': 'loan_amnt'}, {'impact': -0.03, 'feature': 'dti'}, {'impact': -0.0125, 'feature': 'installment'}]",13.92,"[{'impact': -1, 'feature': 'Low Loan Amount'}]","[{'impact': 0.0417, 'feature': 'loan_amnt'}, {'impact': 0.0325, 'feature': 'dti'}, {'impact': -0.0032, 'feature': 'interaction'}, {'impact': 0.0026, 'feature': 'annual_inc'}, {'impact': 0.0, 'feature': 'home_ownership'}]",0.14,5.37
6,Risky ,45000.0,60 months,2026-03-27 07:00:26.003786,,C,Positive return expected — good investment,Manual Review,1198.3,0.86,0,"['Stable income', 'Manageable loan amount', 'Secure housing']","[{'impact': 0.5, 'feature': 'int_rate'}, {'impact': 0.04, 'feature': 'annual_inc'}, {'impact': -0.03, 'feature': 'loan_amnt'}, {'impact': -0.03, 'feature': 'dti'}, {'impact': -0.0125, 'feature': 'installment'}]",13.92,"[{'impact': -1, 'feature': 'Low Loan Amount'}]","[{'impact': 0.0417, 'feature': 'loan_amnt'}, {'impact': 0.0325, 'feature': 'dti'}, {'impact': -0.0032, 'feature': 'interaction'}, {'impact': 0.0026, 'feature': 'annual_inc'}, {'impact': 0.0, 'feature': 'home_ownership'}]",0.14,5.37
5,Risky ,85000.0,36 months,2026-03-27 06:56:42.699916,,D,Positive return expected — good investment,Reject,8.57,0.42,2,['Manageable loan amount'],"[{'impact': 0.52, 'feature': 'annual_inc'}, {'impact': 0.5, 'feature': 'int_rate'}, {'impact': -0.44, 'feature': 'loan_amnt'}, {'impact': -0.17, 'feature': 'dti'}, {'impact': -0.0236, 'feature': 'installment'}]",58.16,"[{'impact': 1, 'feature': 'Low Income'}, {'impact': 1, 'feature': 'Renting House'}]","[{'impact': 0.1238, 'feature': 'interaction'}, {'impact': 0.1083, 'feature': 'loan_amnt'}, {'impact': -0.1041, 'feature': 'annual_inc'}, {'impact': 0.1, 'feature': 'home_ownership'}, {'impact': 0.0745, 'feature': 'dti'}]",0.58,12.89
4,Jane Doe,15000.0,36 months,2026-03-27 06:53:15.522674,,D,Negative return expected — risky investment,Approve,-8.19,0.74,1,"['Manageable loan amount', 'Secure housing']","[{'impact': 0.64, 'feature': 'annual_inc'}, {'impact': -0.54, 'feature': 'loan_amnt'}, {'impact': 0.15, 'feature': 'int_rate'}, {'impact': -0.11, 'feature': 'dti'}, {'impact': -0.0042, 'feature': 'installment'}]",26.03,"[{'impact': 1, 'feature': 'Low Income'}, {'impact': -1, 'feature': 'Low Loan Amount'}]","[{'impact': -0.2473, 'feature': 'annual_inc'}, {'impact': -0.0333, 'feature': 'interaction'}, {'impact': -0.0163, 'feature': 'dti'}, {'impact': -0.0083, 'feature': 'loan_amnt'}, {'impact': 0.0, 'feature': 'home_ownership'}]",0.26,7.43
3,Test User,10000.0,36 months,2026-03-27 06:41:49.069818,,C,Negative return expected — risky investment,Approve,-3.63,0.85,0,"['Stable income', 'Manageable loan amount']","[{'impact': -0.16, 'feature': 'dti'}, {'impact': 0.15, 'feature': 'int_rate'}, {'impact': 0.07, 'feature': 'annual_inc'}, {'impact': -0.07, 'feature': 'loan_amnt'}, {'impact': -0.0028, 'feature': 'installment'}]",15.42,"[{'impact': 1, 'feature': 'Renting House'}, {'impact': -1, 'feature': 'Low Loan Amount'}]","[{'impact': 0.1, 'feature': 'home_ownership'}, {'impact': -0.0167, 'feature': 'loan_amnt'}, {'impact': 0.0, 'feature': 'annual_inc'}, {'impact': 0.0, 'feature': 'dti'}, {'impact': 0.0, 'feature': 'interaction'}]",0.15,5.62
2,Test User,10000.0,36 months,2026-03-27 06:41:49.062430,,C,Negative return expected — risky investment,Approve,-3.63,0.85,0,"['Stable income', 'Manageable loan amount']","[{'impact': -0.16, 'feature': 'dti'}, {'impact': 0.15, 'feature': 'int_rate'}, {'impact': 0.07, 'feature': 'annual_inc'}, {'impact': -0.07, 'feature': 'loan_amnt'}, {'impact': -0.0028, 'feature': 'installment'}]",15.42,"[{'impact': 1, 'feature': 'Renting House'}, {'impact': -1, 'feature': 'Low Loan Amount'}]","[{'impact': 0.1, 'feature': 'home_ownership'}, {'impact': -0.0167, 'feature': 'loan_amnt'}, {'impact': 0.0, 'feature': 'annual_inc'}, {'impact': 0.0, 'feature': 'dti'}, {'impact': 0.0, 'feature': 'interaction'}]",0.15,5.62
1,Jane Doe,100000.0,36 months,2026-03-27 06:39:16.670255,,D,Negative return expected — risky investment,Reject,-23.93,0.37,2,"['Manageable loan amount', 'Secure housing']","[{'impact': 0.19, 'feature': 'annual_inc'}, {'impact': 0.15, 'feature': 'int_rate'}, {'impact': -0.11, 'feature': 'dti'}, {'impact': -0.0278, 'feature': 'installment'}, {'impact': 0.0, 'feature': 'loan_amnt'}]",62.62,"[{'impact': 1, 'feature': 'Low Income'}]","[{'impact': 0.2333, 'feature': 'interaction'}, {'impact': -0.205, 'feature': 'annual_inc'}, {'impact': 0.1333, 'feature': 'loan_amnt'}, {'impact': -0.0163, 'feature': 'dti'}, {'impact': 0.0, 'feature': 'home_ownership'}]",0.63,13.65
